<?xml version="1.0" encoding="UTF-8"?>
<!DOCTYPE hibernate-configuration PUBLIC
        "-//Hibernate/Hibernate Configuration DTD 3.0//EN"
        "https://hibernate.org/dtd/hibernate-configuration-3.0.dtd">
<hibernate-configuration>
    <session-factory>
        <!-- Database connection properties - Driver, URL, user, password -->
        <property name="hibernate.connection.driver_class">org.sqlite.JDBC</property>
        <property name="hibernate.connection.url">jdbc:sqlite:storage.db</property>
        <!-- Connection Pool Size -->
        <property name="hibernate.connection.pool_size">1</property>

        <!-- org.hibernate.HibernateException: No CurrentSessionContext configured! -->
        <property name="hibernate.current_session_context_class">thread</property>

        <!-- Outputs the SQL queries, should be disabled in Production -->
        <property name="hibernate.show_sql">true</property>
        <property name="hibernate.hbm2ddl.auto">update</property>
        <property name="hibernate.dialect">org.hibernate.community.dialect.SQLiteDialect</property>
    </session-factory>
</hibernate-configuration>